<api xmlns="http://ws.apache.org/ns/synapse" name="GestionFastFoodAPI" context="/fastfood">
   <resource methods="POST" url-mapping="/solicitarPedido">
      <inSequence>
         <property name="MessageID" expression="get-property('MessageID')" type="STRING"/>
         <property name="uri.var.uuid" expression="fn:substring-after(get-property('MessageID'),'uuid:')"/>
         <clone continueParent="true" sequential="true">
            <target>
               <sequence>
                  <payloadFactory media-type="json">
                     <format>{"_postsolicitarpedido":{"ID":"$3","EMAIL":"$1","USER":"$2"}}</format>
                     <args>
                        <arg evaluator="json" expression="$.EMAIL"/>
                        <arg evaluator="json" expression="$.USER"/>
                        <arg evaluator="xml" expression="get-property('uri.var.uuid')"/>
                     </args>
                  </payloadFactory>
                  <send>
                     <endpoint>
                        <address uri="http://sandbox-wso2-ei:8280/services/data_food_db"/>
                     </endpoint>
                  </send>
               </sequence>
            </target>
            <target>
               <sequence>
                  <iterate xmlns:m0="http://services.samples" expression="//PEDIDOS">
                     <target>
                        <sequence>
                           <payloadFactory media-type="json">
                              <format>{"PEDIDO":"$1","PRODUCTO":$2,"CANTIDAD":$3}</format>
                              <args>
                                 <arg evaluator="xml" expression="get-property('uri.var.uuid')"/>
                                 <arg evaluator="xml" expression="//PEDIDOS/PRODUCTO"/>
                                 <arg evaluator="xml" expression="//PEDIDOS/CANTIDAD"/>
                              </args>
                           </payloadFactory>
                           <header name="Action" value="urn:insertarprodpedido"/>
                           <send>
                              <endpoint>
                                 <http method="POST" uri-template="http://172.28.1.3:8280/fastfood/insertarProdPedido"/>
                              </endpoint>
                           </send>
                        </sequence>
                     </target>
                  </iterate>
               </sequence>
            </target>
         </clone>
      </inSequence>
      <outSequence>
         <send/>
      </outSequence>
      <faultSequence/>
   </resource>
   <resource methods="POST" url-mapping="/insertarProdPedido">
      <inSequence>
         <payloadFactory media-type="json">
            <format>{"_postinsertarprodpedido":{"PEDIDO":"$1","PRODUCTO":$2,"CANTIDAD":$3}}</format>
            <args>
               <arg evaluator="xml" expression="//PEDIDO"/>
               <arg evaluator="xml" expression="//PRODUCTO"/>
               <arg evaluator="xml" expression="//CANTIDAD"/>
            </args>
         </payloadFactory>
         <send>
            <endpoint>
               <address uri="http://sandbox-wso2-ei:8280/services/data_food_db"/>
            </endpoint>
         </send>
      </inSequence>
      <outSequence>
         <send/>
      </outSequence>
      <faultSequence/>
   </resource>
   <resource methods="DELETE" uri-template="/cancelarPedido/{ID}">
      <inSequence>
         <clone continueParent="true" sequential="true">
            <target>
               <sequence>
                  <payloadFactory media-type="json">
                     <format>{"_deletecancelarprodpedido":{"PEDIDO":"$1"}}</format>
                     <args>
                        <arg evaluator="xml" expression="get-property('uri.var.ID')"/>
                     </args>
                  </payloadFactory>
                  <header name="Action" value="urn:cancelarprodpedido"/>
                  <send>
                     <endpoint>
                        <http method="DELETE" uri-template="http://sandbox-wso2-ei:8280/services/data_food_db/cancelarProdPedido"/>
                     </endpoint>
                  </send>
               </sequence>
            </target>
            <target>
               <sequence>
                  <payloadFactory media-type="json">
                     <format>{"_deletecancelarpedido":{"ID":"$1"}}</format>
                     <args>
                        <arg evaluator="xml" expression="get-property('uri.var.ID')"/>
                     </args>
                  </payloadFactory>
                  <header name="Action" value="urn:cancelarpedido"/>
                  <send>
                     <endpoint>
                        <http method="DELETE" uri-template="http://sandbox-wso2-ei:8280/services/data_food_db/cancelarPedido"/>
                     </endpoint>
                  </send>
               </sequence>
            </target>
         </clone>
      </inSequence>
      <outSequence>
         <send/>
      </outSequence>
      <faultSequence/>
   </resource>
   <resource methods="GET" url-mapping="/verCatalogo">
      <inSequence>
         <send>
            <endpoint>
               <address uri="http://sandbox-wso2-ei:8280/services/data_food_db"/>
            </endpoint>
         </send>
      </inSequence>
      <outSequence>
         <send/>
      </outSequence>
      <faultSequence/>
   </resource>
   <resource methods="PUT" url-mapping="/actualizarPedido">
      <inSequence>
         <payloadFactory media-type="json">
            <format>{"_putactualizarpedido":{"ID":"$1","STATE":"$2"}}</format>
            <args>
               <arg evaluator="json" expression="$.ID"/>
               <arg evaluator="json" expression="$.STATE"/>
            </args>
         </payloadFactory>
         <send>
            <endpoint>
               <address uri="http://sandbox-wso2-ei:8280/services/data_food_db"/>
            </endpoint>
         </send>
      </inSequence>
      <outSequence>
         <send/>
      </outSequence>
      <faultSequence/>
   </resource>
   <resource methods="GET" uri-template="/verPedido/{ID}">
      <inSequence>
         <send>
            <endpoint>
               <address uri="http://sandbox-wso2-ei:8280/services/data_food_db"/>
            </endpoint>
         </send>
      </inSequence>
      <outSequence>
         <send/>
      </outSequence>
      <faultSequence/>
   </resource>
   <resource methods="GET" uri-template="verProdPedido">
      <inSequence>
         <send>
            <endpoint>
               <address uri="http://sandbox-wso2-ei:8280/services/data_food_db"/>
            </endpoint>
         </send>
      </inSequence>
      <outSequence>
         <send/>
      </outSequence>
   </resource>
</api>
                        
