{"swagger":"2.0","paths":{"/solicitarPedido":{"post":{"parameters":[{"name":"Payload","description":"Request Body","required":false,"in":"body","schema":{"type":"object","properties":{"payload":{"type":"string"}}}}],"responses":{"200":{"description":""}},"x-auth-type":"Application & Application User","x-throttling-tier":"Unlimited","produces":["application/json"],"consumes":["application/json"]}},"/verCatalogo":{"get":{"responses":{"200":{"description":""}},"x-auth-type":"Application & Application User","x-throttling-tier":"Unlimited"}},"/actualizarPedido":{"put":{"parameters":[{"name":"Payload","description":"Request Body","required":false,"in":"body","schema":{"type":"object","properties":{"payload":{"type":"string"}}}}],"responses":{"200":{"description":""}},"x-auth-type":"Application & Application User","x-throttling-tier":"Unlimited"}},"/verPedido/{ID}":{"get":{"parameters":[{"name":"ID","in":"path","required":true,"type":"string"}],"responses":{"200":{"description":""}},"x-auth-type":"Application & Application User","x-throttling-tier":"Unlimited"}},"/cancelarPedido/{ID}":{"delete":{"parameters":[{"name":"ID","in":"path","required":true,"type":"string"}],"responses":{"200":{"description":""}},"x-auth-type":"Application & Application User","x-throttling-tier":"Unlimited"}}},"info":{"title":"comidaRapidaApi","version":"v1.0.0","description":"Descripción"}}